"ID","Title","Assigned To","Automation Type","Created By","Created On","Estimate","Expected Result","Forecast","Goals","Mission","Preconditions","Priority","References","Section","Section Depth","Section Description","Section Hierarchy","Steps","Steps","Steps (Additional Info)","Steps (Expected Result)","Steps (References)","Steps (Shared step ID)","Steps (Step)","Suite","Suite ID","Template","Type","Updated By","Updated On"
"C713","Bez slevy- 0 ks",""," None","Katerina Dobiasova","3/3/2025 1:57 PM","","Výsledná sleva bude 0%.","","","","Uživatel nakupuje v eshopu.","High","","Test Cases","0","","Test Cases","Uživatel v zamíří k pokladně, v košíku nemá žádné zboží, na které by se vztahovala množstevní sleva.","","","","","","","Master","S4","Test Case (Text)","Other","Katerina Dobiasova","3/3/2025 1:57 PM"
"C714","Bez slevy- 3 kusy",""," None","Katerina Dobiasova","3/3/2025 2:04 PM","","Zákazník je stránkou upozorněn, že při nákupu další položky, na kterou se vztahuje množstevní sleva, dostane slevu 3%.
Pokud bude nákup ukončen se 3 kusy zboží, na které se vztahuje, bude zákazníkovi přidělena sleva 0%. 
","","","","Zákazník nakupuje v eshopu, má zboží v košíku.","High","","Test Cases","0","","Test Cases","Zákazník má v košíku zboží, na které se vztahuje množstevní sleva v počtu 3 kusy.
","","","","","","","Master","S4","Test Case (Text)","Other","Katerina Dobiasova","3/3/2025 2:04 PM"
"C715","Mírná sleva- 4 kusy",""," None","Katerina Dobiasova","3/3/2025 2:07 PM","","Stránka zákazníka během nákupu upozorní na získání množstevní slevy ve výši 3%.
Při ukončení nákupu bude zákazníkovi odečtena množstevní sleva ve výši 3%.","","","","Zákazník je na eshopu a nakupuje.","High","","Test Cases","0","","Test Cases","Zákazník vloží do košíku 4. kus zboží, na který se vztahuje množstevní sleva.

","","","","","","","Master","S4","Test Case (Text)","Other","Katerina Dobiasova","3/3/2025 2:07 PM"
"C716","Mírná sleva- 19 ks",""," None","Katerina Dobiasova","3/3/2025 2:11 PM","","Stránka upozorní zákazníka, že pokud přidá do košíku ještě 1 kus zboží, získá vyšší slevu.
Pokud zákazník přejde v této fázi k pokladně, obdrží množstevní slevu ve výši 3%. 
","","","","Zákazník je na eshopu a nakupuje zboží, na které se vztahuje množstevní sleva.","High","","Test Cases","0","","Test Cases","Uživatel vloží do košíku 19. kus zboží.","","","","","","","Master","S4","Test Case (Text)","Other","Katerina Dobiasova","3/3/2025 2:11 PM"
"C717","Střední sleva- 20ks",""," None","Katerina Dobiasova","3/3/2025 2:12 PM","","Stránka upozorní zákazníka na získání množstevní slevy ve výši 5%.
Pokud bude nákup v této fázi ukončen, zákazník získá na pokladně slevu ve výši 5%.","","","","Zákazník je na eshopu a nakupuje zboží, na které se vztahuje množstevní sleva.","High","","Test Cases","0","","Test Cases","Zákazník vloží do košíku 20. kus zboží.","","","","","","","Master","S4","Test Case (Text)","Other","Katerina Dobiasova","3/3/2025 2:12 PM"
"C718","Střední sleva- 49ks",""," None","Katerina Dobiasova","3/3/2025 2:14 PM","","Stránka zákazníka upozorní, že při vložení ještě 1 kusu zboží do košíku získá vyšší slevu.
Pokud bude nákup v této fázi ukončen, zákazník obdrží na pokladně množstevní slevu ve výši 5%.","","","","Zákazník je na eshopu a nakupuje zboží, na které se vztahuje množstevní sleva.","High","","Test Cases","0","","Test Cases","Zákazník vloží do košíku 49. kus zboží.","","","","","","","Master","S4","Test Case (Text)","Other","Katerina Dobiasova","3/3/2025 2:14 PM"
"C719","Velká sleva- 50 kusů",""," None","Katerina Dobiasova","3/3/2025 2:15 PM","","Stránka upozorní na získání množstevní slevy ve výši 10%.
Pokud bude nákup v této fázi ukončení, zákazník obdrží na pokladně množstevní slevu ve výši 10%.","","","","Zákazník je na eshopu a nakupuje zboží, na které se vztahuje množstevní sleva.","High","","Test Cases","0","","Test Cases","Zákazník vloží do košíku 50. kus zboží.","","","","","","","Master","S4","Test Case (Text)","Other","Katerina Dobiasova","3/3/2025 2:15 PM"
"C720","Velká sleva- 999999ks",""," None","Katerina Dobiasova","3/3/2025 2:16 PM","","Upozornění na neplatný vstup (není definován limit).
","","","","Uživatel je na eshopu a nakupuje zboží, na které se vztahuje množstevní sleva.","High","","Test Cases","0","","Test Cases","Uživatel vloží do košíku 999. kus zboží.","","","","","","","Master","S4","Test Case (Text)","Other","Katerina Dobiasova","3/3/2025 2:18 PM"
"C721","Neplatný vstup- -1ks",""," None","Katerina Dobiasova","3/3/2025 2:18 PM","","Systém upozorní na neplatný vstup.","","","","Uživatel je na eshopu a nakupuje zboží, na které se vztahuje množstevní sleva.","Medium","","Test Cases","0","","Test Cases","Během nákupu položky zákazník ručně nebo pomocí číselníku zadá množství kusů -1.","","","","","","","Master","S4","Test Case (Text)","Other","Katerina Dobiasova","3/3/2025 2:19 PM"
